61,Jasmin
92,Jasmin
112,Lotus
2,Rose
141,Lotus
43,Rose
10,Rose
60,Jasmin
116,Lotus
144,Lotus
119,Lotus
108,Lotus
69,Jasmin
135,Lotus
56,Jasmin
80,Jasmin
123,Lotus
133,Lotus
106,Lotus
146,Lotus
50,Jasmin
147,Lotus
85,Jasmin
30,Rose
101,Lotus
94,Jasmin
64,Jasmin
89,Jasmin
91,Jasmin
125,Lotus
48,Rose
13,Rose
111,Lotus
95,Jasmin
20,Rose
15,Rose
52,Jasmin
3,Rose
149,Lotus
98,Jasmin
6,Rose
68,Jasmin
109,Lotus
96,Jasmin
12,Rose
102,Lotus
120,Lotus
104,Lotus
128,Lotus
46,Rose
11,Rose
110,Lotus
124,Lotus
41,Rose
148,Lotus
1,Rose
113,Lotus
139,Lotus
42,Rose
4,Rose
129,Lotus
17,Rose
38,Rose
5,Rose
53,Jasmin
143,Lotus
105,Lotus
0,Rose
34,Rose
28,Rose
55,Jasmin
75,Jasmin
35,Rose
23,Rose
74,Jasmin
31,Rose
118,Lotus
57,Jasmin
131,Lotus
65,Jasmin
32,Rose
138,Lotus
14,Rose
122,Lotus
19,Rose
29,Rose
130,Lotus
49,Rose
136,Lotus
99,Jasmin
82,Jasmin
79,Jasmin
115,Lotus
145,Lotus
72,Jasmin
77,Jasmin
25,Rose
81,Jasmin
140,Lotus
142,Lotus
39,Rose
58,Jasmin
88,Jasmin
70,Jasmin
87,Jasmin
36,Rose
21,Rose
9,Rose
103,Lotus
67,Jasmin
117,Lotus
47,Rose
